and;110;10.989011%
to;97;9.6903105%
English;88;8.791209%
the;86;8.591409%
of;58;5.7942057%
a;57;5.6943054%
book;54;5.3946056%
for;54;5.3946056%
you;51;5.0949054%
course;46;4.5954046%
is;40;3.996004%
with;38;3.7962039%
â;36;3.5964034%
The;31;3.096903%
on;24;2.3976023%
FluentU;23;2.2977023%
are;22;2.1978023%
in;22;2.1978023%
that;21;2.097902%
as;20;1.998002%
or;20;1.998002%
books;20;1.998002%
youâ;19;1.8981019%
your;18;1.7982017%
vocabulary;18;1.7982017%
s;17;1.6983018%
activities;17;1.6983018%
by;16;1.5984015%
learn;15;1.4985014%
practice;15;1.4985014%
from;15;1.4985014%
can;15;1.4985014%
videos;13;1.2987013%
an;13;1.2987013%
lessons;13;1.2987013%
all;12;1.1988012%
Business;12;1.1988012%
ll;12;1.1988012%
exercises;12;1.1988012%
learning;12;1.1988012%
english;11;1.0989012%
also;11;1.0989012%
Course;11;1.0989012%
online;11;1.0989012%
Englishâ;10;0.999001%
skills;10;0.999001%
This;10;0.999001%
those;10;0.999001%
more;10;0.999001%
it;10;0.999001%
this;10;0.999001%
grammar;10;0.999001%
Book;10;0.999001%
want;9;0.89910084%
business;9;0.89910084%
series;9;0.89910084%
ESL;9;0.89910084%
speaking;9;0.89910084%
into;9;0.89910084%
audio;9;0.89910084%
include;9;0.89910084%
each;8;0.7992008%
world;8;0.7992008%
topics;8;0.7992008%
so;8;0.7992008%
get;8;0.7992008%
there;7;0.6993007%
learners;7;0.6993007%
real;7;0.6993007%
such;7;0.6993007%
way;7;0.6993007%
pronunciation;7;0.6993007%
comes;7;0.6993007%
language;7;0.6993007%
additional;7;0.6993007%
level;7;0.6993007%
many;7;0.6993007%
examples;7;0.6993007%
Level;7;0.6993007%
range;7;0.6993007%
lots;7;0.6993007%
help;7;0.6993007%
If;6;0.5994006%
unit;6;0.5994006%
units;6;0.5994006%
not;6;0.5994006%
Share;6;0.5994006%
at;6;0.5994006%
looking;6;0.5994006%
be;6;0.5994006%
Grammar;6;0.5994006%
which;6;0.5994006%
advanced;6;0.5994006%
Practice;6;0.5994006%
includes;6;0.5994006%
re;6;0.5994006%
ve;6;0.5994006%
Amazon;6;0.5994006%
word;6;0.5994006%
like;6;0.5994006%
covering;6;0.5994006%
A;5;0.4995005%
well;5;0.4995005%
itâ;5;0.4995005%
any;5;0.4995005%
through;5;0.4995005%
has;5;0.4995005%
These;5;0.4995005%
video;5;0.4995005%
interactive;5;0.4995005%
workbook;5;0.4995005%
You;5;0.4995005%
Makes;5;0.4995005%
see;5;0.4995005%
For;5;0.4995005%
very;5;0.4995005%
use;5;0.4995005%
something;5;0.4995005%
available;5;0.4995005%
wide;5;0.4995005%
teach;5;0.4995005%
reading;5;0.4995005%
guide;5;0.4995005%
writing;5;0.4995005%
quizzes;5;0.4995005%
perfect;5;0.4995005%
CD;4;0.3996004%
e;4;0.3996004%
check;4;0.3996004%
other;4;0.3996004%
American;4;0.3996004%
It;4;0.3996004%
Books;4;0.3996004%
New;4;0.3996004%
new;4;0.3996004%
advertising;4;0.3996004%
app;4;0.3996004%
students;4;0.3996004%
Learn;4;0.3996004%
helpful;4;0.3996004%
learned;4;0.3996004%
what;4;0.3996004%
short;4;0.3996004%
three;4;0.3996004%
when;4;0.3996004%
images;4;0.3996004%
study;4;0.3996004%
great;4;0.3996004%
Grammarâ;4;0.3996004%
Intermediate;4;0.3996004%
important;4;0.3996004%
who;4;0.3996004%
along;4;0.3996004%
designed;4;0.3996004%
simply;4;0.3996004%
easy;4;0.3996004%
intermediate;4;0.3996004%
Download;4;0.3996004%
right;4;0.3996004%
Beginner;4;0.3996004%
covers;4;0.3996004%
Perfect;4;0.3996004%
communication;4;0.3996004%
about;4;0.3996004%
cover;4;0.3996004%
15;4;0.3996004%
then;4;0.3996004%
one;4;0.3996004%
progress;4;0.3996004%
Learning;4;0.3996004%
studying;4;0.3996004%
out;4;0.3996004%
self;4;0.3996004%
here;4;0.3996004%
listening;4;0.3996004%
music;3;0.2997003%
1;3;0.2997003%
contains;3;0.2997003%
4;3;0.2997003%
example;3;0.2997003%
t;3;0.2997003%
got;3;0.2997003%
Global;3;0.2997003%
post;3;0.2997003%
need;3;0.2997003%
useful;3;0.2997003%
divided;3;0.2997003%
choose;3;0.2997003%
end;3;0.2997003%
Itâ;3;0.2997003%
taking;3;0.2997003%
focus;3;0.2997003%
Made;3;0.2997003%
volumes;3;0.2997003%
even;3;0.2997003%
In;3;0.2997003%
Academic;3;0.2997003%
top;3;0.2997003%
lets;3;0.2997003%
university;3;0.2997003%
High;3;0.2997003%
followed;3;0.2997003%
DVD;3;0.2997003%
anywhere;3;0.2997003%
using;3;0.2997003%
watch;3;0.2997003%
There;3;0.2997003%
purchase;3;0.2997003%
options;3;0.2997003%
specifically;3;0.2997003%
lesson;3;0.2997003%
teaching;3;0.2997003%
means;3;0.2997003%
levels;3;0.2997003%
their;3;0.2997003%
various;3;0.2997003%
CDs;3;0.2997003%
subjects;3;0.2997003%
words;3;0.2997003%
take;3;0.2997003%
some;3;0.2997003%
Language;3;0.2997003%
International;3;0.2997003%
material;3;0.2997003%
four;3;0.2997003%
Coursebookâ;3;0.2997003%
focuses;3;0.2997003%
find;3;0.2997003%
than;3;0.2997003%
difficult;3;0.2997003%
ideas;3;0.2997003%
plus;3;0.2997003%
comprised;3;0.2997003%
student;3;0.2997003%
best;3;0.2997003%
Clear;3;0.2997003%
upper;3;0.2997003%
Cambridge;3;0.2997003%
goals;3;0.2997003%
One;3;0.2997003%
free;3;0.2997003%
Everyday;3;0.2997003%
up;3;0.2997003%
Vocab;3;0.2997003%
look;3;0.2997003%
life;3;0.2997003%
ones;3;0.2997003%
come;3;0.2997003%
copy;3;0.2997003%
only;3;0.2997003%
tap;3;0.2997003%
aims;3;0.2997003%
resources;3;0.2997003%
Easy;2;0.1998002%
these;2;0.1998002%
visual;2;0.1998002%
sorts;2;0.1998002%
Consider;2;0.1998002%
cultural;2;0.1998002%
2;2;0.1998002%
3;2;0.1998002%
science;2;0.1998002%
talking;2;0.1998002%
As;2;0.1998002%
Courseâ;2;0.1998002%
website;2;0.1998002%
w;2;0.1998002%
incorporates;2;0.1998002%
its;2;0.1998002%
article;2;0.1998002%
companion;2;0.1998002%
multiple;2;0.1998002%
wanting;2;0.1998002%
education;2;0.1998002%
movie;2;0.1998002%
order;2;0.1998002%
Everyone;2;0.1998002%
understand;2;0.1998002%
Student;2;0.1998002%
aid;2;0.1998002%
have;2;0.1998002%
famous;2;0.1998002%
com;2;0.1998002%
All;2;0.1998002%
lab;2;0.1998002%
points;2;0.1998002%
academic;2;0.1998002%
Try;2;0.1998002%
already;2;0.1998002%
below;2;0.1998002%
plenty;2;0.1998002%
And;2;0.1998002%
basic;2;0.1998002%
File;2;0.1998002%
Beginners;2;0.1998002%
Series;2;0.1998002%
fantastic;2;0.1998002%
interested;2;0.1998002%
On;2;0.1998002%
discussion;2;0.1998002%
Volume;2;0.1998002%
another;2;0.1998002%
giving;2;0.1998002%
inspiring;2;0.1998002%
broken;2;0.1998002%
They;2;0.1998002%
marketing;2;0.1998002%
So;2;0.1998002%
charts;2;0.1998002%
Cutting;2;0.1998002%
features;2;0.1998002%
Search;2;0.1998002%
courses;2;0.1998002%
might;2;0.1998002%
full;2;0.1998002%
aspects;2;0.1998002%
emails;2;0.1998002%
perk;2;0.1998002%
news;2;0.1998002%
target;2;0.1998002%
time;2;0.1998002%
tips;2;0.1998002%
put;2;0.1998002%
Perfectâ;2;0.1998002%
provide;2;0.1998002%
phone;2;0.1998002%
computer;2;0.1998002%
meant;2;0.1998002%
organized;2;0.1998002%
choice;2;0.1998002%
simple;2;0.1998002%
used;2;0.1998002%
consider;2;0.1998002%
Pronunciation;2;0.1998002%
created;2;0.1998002%
both;2;0.1998002%
most;2;0.1998002%
option;2;0.1998002%
part;2;0.1998002%
MyEnglishLab;2;0.1998002%
donâ;2;0.1998002%
accompanying;2;0.1998002%
Second;2;0.1998002%
uses;2;0.1998002%
affiliate;2;0.1998002%
fit;2;0.1998002%
complex;2;0.1998002%
carefully;2;0.1998002%
past;2;0.1998002%
how;2;0.1998002%
contain;2;0.1998002%
Your;2;0.1998002%
questions;2;0.1998002%
down;2;0.1998002%
beginner;2;0.1998002%
needs;2;0.1998002%
searches;2;0.1998002%
test;2;0.1998002%
never;2;0.1998002%
University;2;0.1998002%
Everyoneâ;2;0.1998002%
content;2;0.1998002%
getting;2;0.1998002%
PDF;2;0.1998002%
company;2;0.1998002%
Youâ;2;0.1998002%
2021;2;0.1998002%
form;2;0.1998002%
thereâ;2;0.1998002%
verb;2;0.1998002%
supplement;2;0.1998002%
Advanced;2;0.1998002%
teacherâ;2;0.1998002%
everything;2;0.1998002%
workplace;2;0.1998002%
fun;2;0.1998002%
while;2;0.1998002%
international;2;0.1998002%
textbook;2;0.1998002%
trailers;2;0.1998002%
convenient;2;0.1998002%
tense;2;0.1998002%
above;2;0.1998002%
Countdown;2;0.1998002%
based;2;0.1998002%
old;2;0.1998002%
them;2;0.1998002%
portable;2;0.1998002%
concepts;2;0.1998002%
components;2;0.1998002%
access;2;0.1998002%
captions;2;0.1998002%
Confident;2;0.1998002%
Communication;2;0.1998002%
extensive;2;0.1998002%
beginners;2;0.1998002%
Exercises;2;0.1998002%
40;2;0.1998002%
but;2;0.1998002%
Click;2;0.1998002%
written;2;0.1998002%
53;2;0.1998002%
Program;2;0.1998002%
reasons;2;0.1998002%
Fileâ;2;0.1998002%
Pictures;2;0.1998002%
review;2;0.1998002%
games;2;0.1998002%
95;2;0.1998002%
focusing;2;0.1998002%
anyone;2;0.1998002%
Unlimited;2;0.1998002%
Resources;2;0.1998002%
personalized;2;0.1998002%
More;2;0.1998002%
Online;2;0.1998002%
own;2;0.1998002%
blog;2;0.1998002%
should;2;0.1998002%
published;2;0.1998002%
Basic;2;0.1998002%
engaging;2;0.1998002%
Oxford;2;0.1998002%
will;2;0.1998002%
prepare;1;0.0999001%
functions;1;0.0999001%
building;1;0.0999001%
begins;1;0.0999001%
Pinterest;1;0.0999001%
because;1;0.0999001%
Thing;1;0.0999001%
Maybe;1;0.0999001%
Things;1;0.0999001%
packages;1;0.0999001%
leasons;1;0.0999001%
Insightâ;1;0.0999001%
Game;1;0.0999001%
size;1;0.0999001%
left;1;0.0999001%
5;1;0.0999001%
7;1;0.0999001%
8;1;0.0999001%
idioms;1;0.0999001%
9;1;0.0999001%
educators;1;0.0999001%
chapter;1;0.0999001%
accessible;1;0.0999001%
Ad;1;0.0999001%
independent;1;0.0999001%
I;1;0.0999001%
occupations;1;0.0999001%
manual;1;0.0999001%
At;1;0.0999001%
after;1;0.0999001%
connect;1;0.0999001%
Workbook;1;0.0999001%
Michigan;1;0.0999001%
fast;1;0.0999001%
fifth;1;0.0999001%
routines;1;0.0999001%
Apart;1;0.0999001%
Audio;1;0.0999001%
reports;1;0.0999001%
Start;1;0.0999001%
DK;1;0.0999001%
repetition;1;0.0999001%
adjectives;1;0.0999001%
iTunes;1;0.0999001%
tenses;1;0.0999001%
Test;1;0.0999001%
finish;1;0.0999001%
others;1;0.0999001%
educational;1;0.0999001%
Depository;1;0.0999001%
About;1;0.0999001%
WordsThe;1;0.0999001%
tests;1;0.0999001%
cultures;1;0.0999001%
Press;1;0.0999001%
Â;1;0.0999001%
technical;1;0.0999001%
searching;1;0.0999001%
Limited;1;0.0999001%
possessive;1;0.0999001%
live;1;0.0999001%
Topics;1;0.0999001%
mobile;1;0.0999001%
rich;1;0.0999001%
trademarks;1;0.0999001%
recorded;1;0.0999001%
better;1;0.0999001%
Buying;1;0.0999001%
translation;1;0.0999001%
figurative;1;0.0999001%
Popular;1;0.0999001%
called;1;0.0999001%
entire;1;0.0999001%
Enux;1;0.0999001%
turns;1;0.0999001%
newly;1;0.0999001%
He;1;0.0999001%
considering;1;0.0999001%
testing;1;0.0999001%
Some;1;0.0999001%
FTC;1;0.0999001%
meetings;1;0.0999001%
Beginnerâ;1;0.0999001%
too;1;0.0999001%
remembers;1;0.0999001%
speak;1;0.0999001%
coolest;1;0.0999001%
Edgeâ;1;0.0999001%
Study;1;0.0999001%
Living;1;0.0999001%
television;1;0.0999001%
Learners;1;0.0999001%
picture;1;0.0999001%
immersive;1;0.0999001%
CAMILLE;1;0.0999001%
trial;1;0.0999001%
pages;1;0.0999001%
Education;1;0.0999001%
etc;1;0.0999001%
whether;1;0.0999001%
function;1;0.0999001%
quite;1;0.0999001%
verbs;1;0.0999001%
settings;1;0.0999001%
including;1;0.0999001%
read;1;0.0999001%
introducing;1;0.0999001%
backchaining;1;0.0999001%
improve;1;0.0999001%
tons;1;0.0999001%
Approach;1;0.0999001%
paperback;1;0.0999001%
Iâ;1;0.0999001%
Reserved;1;0.0999001%
TURNER;1;0.0999001%
entertaining;1;0.0999001%
media;1;0.0999001%
around;1;0.0999001%
renowned;1;0.0999001%
teacher;1;0.0999001%
explanations;1;0.0999001%
Through;1;0.0999001%
That;1;0.0999001%
progressing;1;0.0999001%
specific;1;0.0999001%
super;1;0.0999001%
prefixes;1;0.0999001%
suggested;1;0.0999001%
exams;1;0.0999001%
Of;1;0.0999001%
Edge;1;0.0999001%
forms;1;0.0999001%
Lastly;1;0.0999001%
professional;1;0.0999001%
hinted;1;0.0999001%
Then;1;0.0999001%
Best;1;0.0999001%
shopping;1;0.0999001%
discussing;1;0.0999001%
Techniques;1;0.0999001%
immersion;1;0.0999001%
countries;1;0.0999001%
LinkedIn;1;0.0999001%
Basically;1;0.0999001%
creating;1;0.0999001%
styles;1;0.0999001%
choices;1;0.0999001%
countdownâ;1;0.0999001%
probably;1;0.0999001%
recommend;1;0.0999001%
promote;1;0.0999001%
where;1;0.0999001%
takes;1;0.0999001%
popular;1;0.0999001%
funny;1;0.0999001%
Foreign;1;0.0999001%
think;1;0.0999001%
art;1;0.0999001%
participate;1;0.0999001%
services;1;0.0999001%
Services;1;0.0999001%
boring;1;0.0999001%
speech;1;0.0999001%
Choose;1;0.0999001%
videosâ;1;0.0999001%
chart;1;0.0999001%
clips;1;0.0999001%
colloquial;1;0.0999001%
developing;1;0.0999001%
incorporate;1;0.0999001%
guided;1;0.0999001%
participant;1;0.0999001%
Overalls;1;0.0999001%
Prices;1;0.0999001%
yourself;1;0.0999001%
huge;1;0.0999001%
To;1;0.0999001%
last;1;0.0999001%
Free;1;0.0999001%
expressions;1;0.0999001%
Now;1;0.0999001%
fields;1;0.0999001%
Us;1;0.0999001%
asking;1;0.0999001%
concept;1;0.0999001%
classes;1;0.0999001%
show;1;0.0999001%
appâ;1;0.0999001%
house;1;0.0999001%
Council;1;0.0999001%
anything;1;0.0999001%
negative;1;0.0999001%
ends;1;0.0999001%
incorporating;1;0.0999001%
overview;1;0.0999001%
visuals;1;0.0999001%
start;1;0.0999001%
yet;1;0.0999001%
Coursebook;1;0.0999001%
We;1;0.0999001%
disciplines;1;0.0999001%
Hereâ;1;0.0999001%
learner;1;0.0999001%
UsFollow;1;0.0999001%
talksâ;1;0.0999001%
usage;1;0.0999001%
celebrities;1;0.0999001%
program;1;0.0999001%
issues;1;0.0999001%
multi;1;0.0999001%
premise;1;0.0999001%
far;1;0.0999001%
auditory;1;0.0999001%
truly;1;0.0999001%
struggle;1;0.0999001%
nonfiction;1;0.0999001%
Life;1;0.0999001%
style;1;0.0999001%
log;1;0.0999001%
Self;1;0.0999001%
seminars;1;0.0999001%
web;1;0.0999001%
stress;1;0.0999001%
prepositions;1;0.0999001%
His;1;0.0999001%
Speak;1;0.0999001%
recordings;1;0.0999001%
Associates;1;0.0999001%
Oneâ;1;0.0999001%
before;1;0.0999001%
distinguishing;1;0.0999001%
section;1;0.0999001%
experience;1;0.0999001%
notification;1;0.0999001%
shows;1;0.0999001%
companions;1;0.0999001%
worldwide;1;0.0999001%
Culture;1;0.0999001%
combination;1;0.0999001%
package;1;0.0999001%
minutes;1;0.0999001%
Why;1;0.0999001%
done;1;0.0999001%
Weâ;1;0.0999001%
keep;1;0.0999001%
affiliates;1;0.0999001%
topic;1;0.0999001%
Become;1;0.0999001%
Burns;1;0.0999001%
downloadable;1;0.0999001%
conversations;1;0.0999001%
banking;1;0.0999001%
Swipe;1;0.0999001%
Reddit;1;0.0999001%
weâ;1;0.0999001%
dialogue;1;0.0999001%
Advancedâ;1;0.0999001%
Visual;1;0.0999001%
applying;1;0.0999001%
built;1;0.0999001%
lectures;1;0.0999001%
From;1;0.0999001%
seeking;1;0.0999001%
geared;1;0.0999001%
differ;1;0.0999001%
economics;1;0.0999001%
build;1;0.0999001%
earn;1;0.0999001%
Turner;1;0.0999001%
attention;1;0.0999001%
suggestions;1;0.0999001%
EnglishEnglish;1;0.0999001%
been;1;0.0999001%
mostly;1;0.0999001%
alphabet;1;0.0999001%
offer;1;0.0999001%
Rights;1;0.0999001%
trip;1;0.0999001%
depending;1;0.0999001%
record;1;0.0999001%
Incredible;1;0.0999001%
knowledge;1;0.0999001%
going;1;0.0999001%
opportunity;1;0.0999001%
active;1;0.0999001%
whichever;1;0.0999001%
personal;1;0.0999001%
Experience;1;0.0999001%
globe;1;0.0999001%
trying;1;0.0999001%
phoneâ;1;0.0999001%
compare;1;0.0999001%
icon;1;0.0999001%
customize;1;0.0999001%
adaptive;1;0.0999001%
memos;1;0.0999001%
genre;1;0.0999001%
Speaker;1;0.0999001%
mind;1;0.0999001%
mini;1;0.0999001%
Rules;1;0.0999001%
tells;1;0.0999001%
taught;1;0.0999001%
answer;1;0.0999001%
phrases;1;0.0999001%
AddThis;1;0.0999001%
essential;1;0.0999001%
sites;1;0.0999001%
hold;1;0.0999001%
brings;1;0.0999001%
shipping;1;0.0999001%
adding;1;0.0999001%
Insight;1;0.0999001%
talk;1;0.0999001%
BlogWant;1;0.0999001%
Though;1;0.0999001%
image;1;0.0999001%
dedicated;1;0.0999001%
transcripts;1;0.0999001%
accompany;1;0.0999001%
beneficial;1;0.0999001%
screams;1;0.0999001%
helps;1;0.0999001%
identifying;1;0.0999001%
beginning;1;0.0999001%
blanks;1;0.0999001%
rather;1;0.0999001%
importance;1;0.0999001%
overwhelmed;1;0.0999001%
back;1;0.0999001%
With;1;0.0999001%
whoâ;1;0.0999001%
trainer;1;0.0999001%
bite;1;0.0999001%
just;1;0.0999001%
DVDs;1;0.0999001%
rhythm;1;0.0999001%
overwhelming;1;0.0999001%
recommends;1;0.0999001%
avoid;1;0.0999001%
beâ;1;0.0999001%
explain;1;0.0999001%
Throughout;1;0.0999001%
tablet;1;0.0999001%
else;1;0.0999001%
easily;1;0.0999001%
text;1;0.0999001%
portal;1;0.0999001%
perks;1;0.0999001%
if;1;0.0999001%
tasks;1;0.0999001%
sentence;1;0.0999001%
Google;1;0.0999001%
large;1;0.0999001%
Lessons;1;0.0999001%
commercials;1;0.0999001%
Hard;1;0.0999001%
aimed;1;0.0999001%
Multipack;1;0.0999001%
works;1;0.0999001%
Complete;1;0.0999001%
products;1;0.0999001%
literature;1;0.0999001%
sending;1;0.0999001%
leisure;1;0.0999001%
may;1;0.0999001%
within;1;0.0999001%
could;1;0.0999001%
fluency;1;0.0999001%
places;1;0.0999001%
multimedia;1;0.0999001%
able;1;0.0999001%
websites;1;0.0999001%
complete;1;0.0999001%
fees;1;0.0999001%
bonus;1;0.0999001%
main;1;0.0999001%
flashcards;1;0.0999001%
liked;1;0.0999001%
suggests;1;0.0999001%
download;1;0.0999001%
split;1;0.0999001%
Real;1;0.0999001%
me;1;0.0999001%
logo;1;0.0999001%
different;1;0.0999001%
selected;1;0.0999001%
fill;1;0.0999001%
my;1;0.0999001%
becomes;1;0.0999001%
relevant;1;0.0999001%
ROM;1;0.0999001%
since;1;0.0999001%
Before;1;0.0999001%
no;1;0.0999001%
scores;1;0.0999001%
keys;1;0.0999001%
phones;1;0.0999001%
total;1;0.0999001%
prices;1;0.0999001%
included;1;0.0999001%
experienced;1;0.0999001%
Memorable;1;0.0999001%
interesting;1;0.0999001%
speeches;1;0.0999001%
Lucas;1;0.0999001%
structure;1;0.0999001%
Camille;1;0.0999001%
opinions;1;0.0999001%
writer;1;0.0999001%
Voice;1;0.0999001%
Each;1;0.0999001%
arenâ;1;0.0999001%
bank;1;0.0999001%
reflect;1;0.0999001%
freelance;1;0.0999001%
reputable;1;0.0999001%
publishing;1;0.0999001%
they;1;0.0999001%
10;1;0.0999001%
12;1;0.0999001%
fashioned;1;0.0999001%
Categories;1;0.0999001%
16;1;0.0999001%
belowâ;1;0.0999001%
125;1;0.0999001%
mixâ;1;0.0999001%
unique;1;0.0999001%
programs;1;0.0999001%
starting;1;0.0999001%
20;1;0.0999001%
21;1;0.0999001%
activity;1;0.0999001%
29;1;0.0999001%
sum;1;0.0999001%
scrambles;1;0.0999001%
global;1;0.0999001%
believe;1;0.0999001%
FREE;1;0.0999001%
long;1;0.0999001%
remember;1;0.0999001%
variety;1;0.0999001%
actively;1;0.0999001%
Additionally;1;0.0999001%
Thereâ;1;0.0999001%
key;1;0.0999001%
But;1;0.0999001%
37;1;0.0999001%
associates;1;0.0999001%
strategies;1;0.0999001%
makes;1;0.0999001%
loads;1;0.0999001%
store;1;0.0999001%
appeal;1;0.0999001%
people;1;0.0999001%
Speaking;1;0.0999001%
dialogues;1;0.0999001%
texts;1;0.0999001%
captioned;1;0.0999001%
buying;1;0.0999001%
After;1;0.0999001%
ranking;1;0.0999001%
story;1;0.0999001%
bookâ;1;0.0999001%
country;1;0.0999001%
buy;1;0.0999001%
thatâ;1;0.0999001%
reputation;1;0.0999001%
rules;1;0.0999001%
Apps;1;0.0999001%
interviews;1;0.0999001%
five;1;0.0999001%
Another;1;0.0999001%
ensure;1;0.0999001%
countdown;1;0.0999001%
fits;1;0.0999001%
especially;1;0.0999001%
cartoons;1;0.0999001%
Games;1;0.0999001%
LLC;1;0.0999001%
basics;1;0.0999001%
Guide;1;0.0999001%
adults;1;0.0999001%
Twitter;1;0.0999001%
we;1;0.0999001%
vivid;1;0.0999001%
1â;1;0.0999001%
Macmillan;1;0.0999001%
common;1;0.0999001%
definition;1;0.0999001%
75;1;0.0999001%
British;1;0.0999001%
previous;1;0.0999001%
booksâ;1;0.0999001%
money;1;0.0999001%
Every;1;0.0999001%
Easyâ;1;0.0999001%
intonation;1;0.0999001%
Check;1;0.0999001%
during;1;0.0999001%
type;1;0.0999001%
beyond;1;0.0999001%
movies;1;0.0999001%
workbooks;1;0.0999001%
between;1;0.0999001%
still;1;0.0999001%
goal;1;0.0999001%
linking;1;0.0999001%
work;1;0.0999001%
Posts;1;0.0999001%
comprehension;1;0.0999001%
4â;1;0.0999001%
Edition;1;0.0999001%
following;1;0.0999001%
favorite;1;0.0999001%
Examples;1;0.0999001%
love;1;0.0999001%
Purposes;1;0.0999001%
tools;1;0.0999001%
our;1;0.0999001%
pictures;1;0.0999001%
naturally;1;0.0999001%
tracker;1;0.0999001%
catchy;1;0.0999001%
Portfolio;1;0.0999001%
fascinating;1;0.0999001%
Disclosure;1;0.0999001%
Play;1;0.0999001%
expect;1;0.0999001%
When;1;0.0999001%
Unlimitedâ;1;0.0999001%
culture;1;0.0999001%
Struggles;1;0.0999001%
first;1;0.0999001%
Tips;1;0.0999001%
voice;1;0.0999001%
date;1;0.0999001%
addresses;1;0.0999001%
prefer;1;0.0999001%
Builder;1;0.0999001%
sound;1;0.0999001%
sales;1;0.0999001%
reference;1;0.0999001%
Crazy;1;0.0999001%
portfolio;1;0.0999001%
Facebook;1;0.0999001%
Practical;1;0.0999001%
towards;1;0.0999001%
Ways;1;0.0999001%
core;1;0.0999001%
Professional;1;0.0999001%
TOEFL;1;0.0999001%
chances;1;0.0999001%
techniques;1;0.0999001%
covered;1;0.0999001%
starters;1;0.0999001%
publisher;1;0.0999001%
Inc;1;0.0999001%
note;1;0.0999001%
Courses;1;0.0999001%
statements;1;0.0999001%
Elementaryâ;1;0.0999001%
hair;1;0.0999001%
phonetic;1;0.0999001%
Skills;1;0.0999001%
car;1;0.0999001%
talks;1;0.0999001%
track;1;0.0999001%
costs;1;0.0999001%
reads;1;0.0999001%
really;1;0.0999001%
Contact;1;0.0999001%
factors;1;0.0999001%
trade;1;0.0999001%
conversational;1;0.0999001%
subtitled;1;0.0999001%
independently;1;0.0999001%
